,City,Lat,Lng,Max Temp,Humidity,Cloudiness,Wind Speed,Country,Date
0,San Vicente,-26.6167,-54.1333,57.81,76,0,2.55,AR,1619935121
1,Rikitea,-23.1203,-134.9692,77.0,76,89,14.7,PF,1619935121
2,Dikson,73.5069,80.5464,27.82,86,98,4.9,RU,1619935122
3,Punta Arenas,-53.15,-70.9167,39.2,81,75,14.97,CL,1619935122
4,Talovaya,51.1144,40.73,59.32,64,95,6.24,RU,1619935123
5,Albany,42.6001,-73.9662,46.0,69,100,3.47,US,1619934981
6,Butaritari,3.0707,172.7902,83.91,73,99,12.86,KI,1619935123
7,San Quintín,30.4833,-115.95,58.37,87,100,11.1,MX,1619935124
8,Faya,18.3851,42.4509,68.0,34,0,2.39,SA,1619935124
9,Ambon City,-3.6954,128.1814,82.4,83,40,4.61,ID,1619935125
10,Arraial do Cabo,-22.9661,-42.0278,72.45,69,100,8.23,BR,1619935125
11,Vestmannaeyjar,63.4427,-20.2734,37.9,66,68,11.97,IS,1619935125
12,Hobart,-42.8794,147.3294,70.0,68,0,6.91,AU,1619935126
13,Leh,34.1667,77.5833,48.33,37,13,1.12,IN,1619935126
14,Sørland,67.667,12.6934,35.89,66,100,14.92,NO,1619935127
15,Puerto Baquerizo Moreno,-0.9,-89.6,74.01,80,14,8.39,EC,1619935127
16,Radviliškis,55.8167,23.5333,39.2,81,0,9.22,LT,1619935128
17,Port Hardy,50.6996,-127.4199,46.4,87,20,8.05,CA,1619935128
18,Talnakh,69.4865,88.3972,28.11,94,98,2.89,RU,1619935128
19,Morehead,37.2711,-87.1764,60.01,94,1,7.0,US,1619935129
20,Limbe,4.0242,9.2149,77.0,94,40,3.44,CM,1619935129
21,Vaini,-21.2,-175.2,75.2,78,75,11.5,TO,1619935130
22,Bluff,-46.6,168.3333,55.99,88,96,11.99,NZ,1619935130
23,Puerto Ayora,-0.7393,-90.3518,73.0,95,46,5.19,EC,1619935131
24,Acarí,-15.4311,-74.6158,69.42,78,18,0.87,PE,1619935131
25,Vostok,46.4856,135.8833,42.85,57,100,13.76,RU,1619935132
26,Hasaki,35.7333,140.8333,64.4,48,75,11.5,JP,1619935132
27,Nikolskoye,59.7035,30.7861,42.01,70,0,4.47,RU,1619935132
28,Tasiilaq,65.6145,-37.6368,23.0,93,10,3.44,GL,1619935133
29,Karratha,-20.7377,116.8463,88.97,38,11,13.38,AU,1619935133
30,Nuuk,64.1835,-51.7216,35.6,80,20,11.5,GL,1619935134
31,Kashgar,39.4547,75.9797,78.8,14,40,13.42,CN,1619935134
32,Avarua,-21.2078,-159.775,75.2,100,90,6.91,CK,1619934880
33,Saint-Prosper,46.2117,-70.4811,39.2,70,87,1.14,CA,1619935135
34,Kaitangata,-46.2817,169.8464,59.0,58,47,5.55,NZ,1619935135
35,Kapaa,22.0752,-159.319,75.2,83,40,16.11,US,1619935136
36,Flin Flon,54.7682,-101.865,31.75,86,95,5.55,CA,1619935136
37,Busselton,-33.65,115.3333,60.01,82,60,1.99,AU,1619935137
38,East London,-33.0153,27.9116,55.4,82,0,6.91,ZA,1619935137
39,Saint Paul Harbor,57.79,-152.4072,42.8,75,90,14.97,US,1619935137
40,Vila Velha,-20.3297,-40.2925,73.99,100,75,3.44,BR,1619935138
41,Hermanus,-34.4187,19.2345,57.0,74,70,5.99,ZA,1619935138
42,Upernavik,72.7868,-56.1549,18.39,73,9,5.79,GL,1619935139
43,Cayenne,4.9333,-52.3333,75.2,94,77,3.44,GF,1619935139
44,Cherskiy,68.75,161.3,23.7,82,19,3.89,RU,1619935139
45,Okha,53.5739,142.9478,32.74,85,100,14.81,RU,1619935140
46,Atuona,-9.8,-139.0333,79.65,70,8,8.93,PF,1619935140
47,Port Alfred,-33.5906,26.891,62.29,60,0,5.44,ZA,1619935141
48,Nemuro,43.3236,145.575,41.0,65,75,11.5,JP,1619935141
49,Lebu,-37.6167,-73.65,55.33,97,100,8.28,CL,1619935141
50,Udachny,66.4167,112.4,34.02,100,100,7.16,RU,1619935142
51,Vardø,70.3705,31.1107,32.72,60,99,13.42,NO,1619935142
52,Hargeisa,9.56,44.065,73.83,63,47,10.0,SO,1619935143
53,Mountain Home,43.133,-115.6912,53.6,66,1,11.5,US,1619935143
54,Balkhash,46.844,74.9804,57.2,19,0,29.08,KZ,1619935143
55,Prome,18.8167,95.2167,100.51,30,1,4.54,MM,1619935144
56,Coffs Harbour,-30.3,153.1333,71.6,68,100,4.61,AU,1619935144
57,Mataura,-46.1927,168.8643,55.99,88,80,11.99,NZ,1619935145
58,Kununurra,-15.7667,128.7333,93.2,29,0,11.5,AU,1619935145
59,Half Moon Bay,37.4636,-122.4286,53.6,87,75,21.85,US,1619935145
60,Kiryat Gat,31.61,34.7642,79.0,36,5,1.01,IL,1619935146
61,Tirumullaivāsal,11.2333,79.8333,90.59,57,24,11.34,IN,1619935146
62,Ushuaia,-54.8,-68.3,35.6,80,40,6.91,AR,1619935021
63,Yatou,37.15,122.3833,60.75,37,0,10.11,CN,1619935147
64,Kampene,-3.6,26.6667,70.38,97,100,1.9,CD,1619935147
65,Bredasdorp,-34.5322,20.0403,39.2,93,4,3.44,ZA,1619935148
66,Quatre Cocos,-20.2078,57.7625,82.99,83,40,9.98,MU,1619935148
67,Taoudenni,22.6783,-3.9836,79.88,48,94,12.01,ML,1619935149
68,Lüderitz,-26.6481,15.1594,74.35,28,0,16.75,NA,1619935149
69,Qaanaaq,77.484,-69.3632,25.86,55,67,8.5,GL,1619935149
70,Grajaú,-5.8194,-46.1386,71.44,88,97,0.89,BR,1619935150
71,Mahébourg,-20.4081,57.7,80.6,83,40,10.16,MU,1619935150
72,Tuktoyaktuk,69.4541,-133.0374,15.8,100,90,2.3,CA,1619935151
73,Jamestown,42.097,-79.2353,55.4,41,1,18.41,US,1619935151
74,Kāvali,14.9167,79.9833,93.76,48,0,14.72,IN,1619935151
75,Westport,41.1415,-73.3579,53.6,66,75,8.05,US,1619935152
76,New Norfolk,-42.7826,147.0587,70.0,54,100,1.66,AU,1619935152
77,Beisfjord,68.3751,17.5988,32.0,86,90,2.3,NO,1619935153
78,Yellowknife,62.456,-114.3525,24.8,58,1,8.05,CA,1619935153
79,Chegdomyn,51.1167,133.0167,49.35,52,98,5.59,RU,1619935154
80,Qaryat Sulūq,31.6682,20.2521,86.56,13,54,14.34,LY,1619935154
81,Hilo,19.7297,-155.09,73.4,83,90,4.61,US,1619935154
82,Wajima,37.4,136.9,48.2,87,75,6.91,JP,1619935155
83,Cape Town,-33.9258,18.4232,61.0,93,0,3.44,ZA,1619935155
84,Bengkulu,-3.8004,102.2655,83.82,73,70,6.69,ID,1619935156
85,Nanortalik,60.1432,-45.2371,34.79,69,85,12.97,GL,1619935156
86,Kloulklubed,7.0419,134.2556,77.0,94,90,5.75,PW,1619935157
87,Los Llanos de Aridane,28.6585,-17.9182,64.4,68,75,6.91,ES,1619935157
88,Bulgan,48.8125,103.5347,48.24,49,48,20.96,MN,1619935157
89,Ivaiporã,-24.2478,-51.6847,57.45,92,10,4.29,BR,1619935158
90,Isangel,-19.55,169.2667,77.14,79,91,17.07,VU,1619935158
91,Mount Gambier,-37.8333,140.7667,64.4,72,75,11.5,AU,1619935159
92,Khatanga,71.9667,102.5,32.11,99,57,5.28,RU,1619935159
93,Bethel,41.3712,-73.414,57.2,28,90,8.05,US,1619935160
94,Cidreira,-30.1811,-50.2056,64.72,83,0,8.81,BR,1619935160
95,Hīt,33.6416,42.8251,83.12,20,0,17.83,IQ,1619935161
96,Chokurdakh,70.6333,147.9167,24.94,86,6,5.12,RU,1619935161
97,Gemeente Heerenveen,52.95,5.9333,44.01,41,24,3.0,NL,1619935161
98,George Town,5.4112,100.3354,91.4,79,20,9.22,MY,1619935162
99,Río Gallegos,-51.6226,-69.2181,39.2,93,90,2.3,AR,1619935162
100,Hong Kong,22.2855,114.1577,84.0,75,96,1.01,HK,1619935163
101,Naze,28.3667,129.4833,71.6,46,0,12.66,JP,1619935163
102,Falmouth,50.1544,-5.0711,42.8,81,7,4.74,GB,1619935164
103,Kemijärvi,66.7131,27.4306,29.79,77,58,3.69,FI,1619935164
104,Lavrentiya,65.5833,-171.0,20.1,84,82,7.96,RU,1619935165
105,Esna,25.2934,32.554,80.6,21,9,2.3,EG,1619935165
106,Vidim,56.4088,103.1106,48.88,57,94,8.63,RU,1619935165
107,Burgos,42.3394,-3.7079,37.4,93,75,9.22,ES,1619935166
108,Statesboro,32.4488,-81.7832,60.8,82,1,5.88,US,1619935027
109,Murgab,37.4966,61.9714,80.6,34,0,6.91,TM,1619935167
110,Córdoba,-31.4135,-64.1811,62.01,82,0,9.22,AR,1619934993
111,Harper,4.375,-7.7169,78.75,86,70,6.15,LR,1619935167
112,Souillac,-20.5167,57.5167,80.6,83,40,8.46,MU,1619935168
113,Noumea,-22.2763,166.4572,79.0,65,90,11.5,NC,1619935168
114,La Tuque,47.4334,-72.7824,41.0,52,100,5.75,CA,1619935168
115,Tigil',57.8,158.6667,44.91,55,27,6.82,RU,1619935169
116,Kibre Mengist,5.8833,38.9833,62.28,92,99,1.63,ET,1619935169
117,Monte Alegre de Minas,-18.8706,-48.8808,62.6,77,0,6.91,BR,1619935170
118,Mar del Plata,-38.0023,-57.5575,61.0,93,95,6.91,AR,1619935170
119,Asău,46.4333,26.4,66.99,39,99,3.65,RO,1619935171
120,Liuli,-11.0833,34.6333,77.49,75,45,4.83,TZ,1619935171
121,Salalah,17.0151,54.0924,87.8,70,75,6.91,OM,1619935172
122,Clyde River,70.4692,-68.5914,12.2,92,20,4.61,CA,1619935172
123,Uruguaiana,-29.7547,-57.0883,62.6,82,0,4.61,BR,1619935172
124,Kruisfontein,-34.0033,24.7314,56.32,55,0,5.82,ZA,1619935173
125,Dakoro,14.5106,6.765,80.04,7,8,10.04,NE,1619935173
126,Leningradskiy,69.3833,178.4167,17.74,94,100,17.52,RU,1619935174
127,Yaonahuac,19.8667,-97.45,61.02,80,86,5.86,MX,1619935174
128,Zhigansk,66.7697,123.3711,33.62,99,100,3.69,RU,1619935174
129,Katsuura,35.1333,140.3,64.0,78,0,15.99,JP,1619935175
130,Langham,52.3668,-106.9679,48.99,49,20,8.05,CA,1619935140
131,Porbandar,21.6422,69.6093,90.34,45,91,7.85,IN,1619935175
132,Southbridge,42.0751,-72.0334,48.0,53,97,7.78,US,1619935176
133,Podujevo,42.9106,21.1931,71.6,35,75,19.57,XK,1619935176
134,Lachi,33.3833,71.3386,89.6,31,40,4.61,PK,1619935177
135,Carnarvon,-24.8667,113.6333,73.4,49,40,14.97,AU,1619935177
136,Ponta do Sol,32.6667,-17.1,57.0,68,100,1.99,PT,1619935177
137,Merauke,-8.4667,140.3333,84.02,69,92,11.34,ID,1619935178
138,Hithadhoo,-0.6,73.0833,84.45,70,99,4.74,MV,1619935178
139,Aklavik,68.2191,-135.0107,24.8,80,94,3.44,CA,1619935179
140,Sirte,31.2089,16.5887,75.85,50,100,5.88,LY,1619935179
141,Cabo San Lucas,22.8909,-109.9124,72.0,71,2,9.57,MX,1619935155
142,Arman',59.7,150.1667,37.49,80,97,3.58,RU,1619935180
143,Narsaq,60.9167,-46.05,42.8,24,21,42.57,GL,1619935180
144,Varhaug,58.6147,5.6457,44.01,87,20,4.61,NO,1619935180
145,Constitución,-35.3333,-72.4167,54.7,96,100,3.51,CL,1619935181
146,Lompoc,34.6391,-120.4579,50.0,93,90,18.41,US,1619935181
147,Longyearbyen,78.2186,15.6401,19.4,68,20,13.8,SJ,1619935067
148,Tūkrah,32.5341,20.5791,90.01,18,63,19.19,LY,1619935182
149,Bogorodskoye,56.55,37.8833,47.66,58,51,4.43,RU,1619935182
150,Esim,4.8699,-2.2405,80.13,85,100,6.13,GH,1619935183
151,Capitán Bado,-23.2667,-55.5333,64.6,73,0,8.97,PY,1619935183
152,Port Lincoln,-34.7333,135.8667,62.85,66,99,12.91,AU,1619935184
153,Hamilton,39.1834,-84.5333,61.0,55,1,9.22,US,1619935047
154,Tete,-16.1564,33.5867,75.2,64,75,9.22,MZ,1619934968
155,Lock Haven,41.137,-77.4469,53.01,57,97,6.35,US,1619935185
156,Saint-Philippe,-21.3585,55.7679,84.2,54,0,3.44,RE,1619935185
157,Sangar,63.9242,127.4739,43.38,73,97,12.39,RU,1619935185
158,Dingle,10.9995,122.6711,91.98,49,27,15.52,PH,1619935186
159,Pacific Grove,36.6177,-121.9166,54.0,88,21,12.03,US,1619935186
160,Roald,62.5833,6.1333,41.0,70,20,11.5,NO,1619935187
161,Arica,-18.475,-70.3042,59.0,72,0,8.05,CL,1619935187
162,Huarmey,-10.0681,-78.1522,67.98,86,15,6.73,PE,1619935188
163,Mossamedes,-15.1961,12.1522,76.78,78,37,1.48,AO,1619935188
164,Daru,-9.0763,143.2092,81.32,80,36,12.62,PG,1619935189
165,Ribeira Grande,38.5167,-28.7,61.54,94,100,7.87,PT,1619935189
166,Sitka,57.0531,-135.33,44.6,76,90,5.75,US,1619935190
167,Chui,-33.6971,-53.4616,59.14,85,0,5.1,UY,1619935190
168,Port Elizabeth,-33.918,25.5701,50.0,87,0,3.44,ZA,1619935190
169,La Ronge,55.1001,-105.2842,41.0,75,89,6.91,CA,1619935191
170,Uyuni,-20.4597,-66.825,37.0,23,35,6.33,BO,1619935191
171,Uvalde,29.3669,-99.767,64.0,100,1,4.09,US,1619935192
172,Lososina,48.9975,140.3106,37.51,89,100,20.22,RU,1619935192
173,Iralaya,15.0,-83.2333,79.63,77,0,9.44,HN,1619935193
174,Linxia Chengguanzhen,35.6003,103.2064,75.11,22,70,7.65,CN,1619935193
175,Lusambo,-4.9667,23.45,72.12,94,100,2.35,CD,1619935193
176,Barrow,71.2906,-156.7887,17.6,79,90,12.66,US,1619935194
177,Shīeli,44.1667,66.75,72.5,23,51,11.25,KZ,1619935194
178,Thompson,55.7435,-97.8558,23.0,86,90,4.61,CA,1619935195
179,Lander,42.833,-108.7307,55.4,41,1,7.2,US,1619935195
180,Severo-Kuril'sk,50.6789,156.125,35.08,97,100,24.32,RU,1619935196
181,Kamloops,50.6665,-120.3192,50.0,57,1,6.91,CA,1619935196
182,Fukuechō,32.6881,128.8419,59.0,55,75,13.8,JP,1619935196
183,Dali,25.7,100.1833,74.05,37,33,9.78,CN,1619935197
184,Rapu-Rapu,13.1866,124.1256,83.08,76,19,11.5,PH,1619935197
185,Ketchikan,55.3422,-131.6461,46.4,93,90,1.97,US,1619935198
186,Atbasar,51.8,68.3333,60.98,29,59,15.97,KZ,1619935198
187,Alofi,-19.0595,-169.9187,75.2,100,37,14.97,NU,1619935198
188,Shestakovo,56.4915,103.96,49.5,63,93,9.17,RU,1619935199
189,Nguru,12.8791,10.4526,81.97,7,76,7.87,NG,1619935199
190,Saskylakh,71.9167,114.0833,33.58,100,100,3.76,RU,1619935200
191,Inuvik,68.3499,-133.7218,24.8,80,100,3.44,CA,1619935093
192,Tiznit Province,29.5833,-9.5,54.3,79,55,0.36,MA,1619935200
193,Ancud,-41.8697,-73.8203,46.99,93,20,5.75,CL,1619935201
194,Dubbo,-32.25,148.6167,71.6,46,90,10.36,AU,1619935202
195,Domoni,-12.2569,44.5319,83.16,75,22,4.32,KM,1619935202
196,Ostrovnoy,68.0531,39.5131,31.6,92,100,24.16,RU,1619935203
197,Neya,58.2972,43.8681,45.57,54,48,6.87,RU,1619935203
198,Torbay,47.6666,-52.7314,37.99,93,90,12.66,CA,1619935203
199,Adrar,20.5022,-10.0711,75.49,31,19,8.68,MR,1619935204
200,Soyo,-6.1349,12.3689,77.31,82,95,4.81,AO,1619935204
201,Caribou,46.8606,-68.012,37.99,48,1,4.61,US,1619935205
202,Tengzhou,35.0771,117.1518,68.56,21,99,8.99,CN,1619935206
203,Birin,26.8865,88.0718,66.16,56,96,1.01,NP,1619935206
204,Kaura Namoda,12.5898,6.5779,83.12,12,28,6.24,NG,1619935207
205,Maracanã,-0.7667,-47.45,71.8,99,96,2.24,BR,1619935207
206,Pittsfield,42.4501,-73.2454,41.0,81,90,4.61,US,1619935208
207,Anchorage,61.2181,-149.9003,50.0,31,1,5.75,US,1619934970
208,Mozelos,41.8677,-8.3978,46.99,81,0,2.3,PT,1619935208
209,Siocon,7.7061,122.1353,87.6,69,73,6.58,PH,1619935209
210,Tromsø,69.6496,18.957,30.99,64,0,3.44,NO,1619935209
211,Provideniya,64.3833,-173.3,25.59,60,99,6.35,RU,1619935210
212,Rafai,4.95,23.9167,69.76,98,99,3.58,CF,1619935210
213,Oyama,36.3,139.8,64.99,51,75,10.36,JP,1619935210
214,Korop,51.5664,32.9586,54.36,85,100,10.02,UA,1619935211
215,Chapais,49.7834,-74.8492,32.0,100,90,11.5,CA,1619935211
216,Acapulco de Juárez,16.8634,-99.8901,79.02,78,100,7.07,MX,1619935212
217,Örnsköldsvik,63.2909,18.7153,35.6,60,23,5.75,SE,1619935212
218,Anadyr,64.75,177.4833,17.6,79,40,2.24,RU,1619935212
219,Vestmanna,62.1564,-7.1664,35.6,80,40,2.3,FO,1619935213
220,Ilulissat,69.2167,-51.1,39.2,48,75,18.41,GL,1619935213
221,Saint-Pierre,-21.3393,55.4781,84.2,54,0,3.44,RE,1619935214
222,Shelburne,44.0787,-80.2041,50.0,62,1,11.5,CA,1619935214
223,Faanui,-16.4833,-151.75,80.82,68,31,4.83,PF,1619935215
224,Touros,-5.1989,-35.4608,73.4,94,40,2.3,BR,1619935215
225,Acaraú,-2.8856,-40.12,74.59,89,98,3.62,BR,1619935216
226,Atoka,34.4001,-96.0169,64.99,82,90,5.75,US,1619935216
227,Kulhudhuffushi,6.6221,73.07,84.4,69,85,3.71,MV,1619935216
228,Tiksi,71.6872,128.8694,29.46,88,100,4.99,RU,1619935217
229,Werda,-25.2667,23.2833,54.84,62,0,12.19,BW,1619935217
230,Rincon,32.296,-81.2354,66.2,82,1,8.05,US,1619935218
231,Cotonou,6.3654,2.4183,84.2,84,40,11.5,BJ,1619935218
232,Kilis,36.7161,37.115,73.4,31,0,7.63,TR,1619935219
233,Xichang,27.8964,102.2634,81.43,34,59,7.78,CN,1619935219
234,Banjarmasin,-3.3244,114.591,93.2,49,40,5.75,ID,1619935220
235,Boa Vista,2.8197,-60.6733,75.2,88,40,6.91,BR,1619935107
236,Ayamé,5.6083,-3.1563,76.06,95,84,3.2,CI,1619935220
237,Northam,51.0333,-4.2167,39.99,94,5,1.01,GB,1619935221
238,Antalaha,-14.9003,50.2788,81.32,72,5,2.51,MG,1619935221
239,Pemangkat,1.1667,108.9667,84.96,71,12,8.5,ID,1619935222
240,Deer Lake,49.1667,-57.4316,37.4,93,90,6.91,CA,1619935222
241,Castrovillari,39.8203,16.2123,69.01,100,90,10.36,IT,1619935222
242,Lagoa,39.05,-27.9833,60.33,94,100,11.7,PT,1619935223
243,Beringovskiy,63.05,179.3167,20.14,90,99,10.22,RU,1619935223
244,Heinola,61.2056,26.0381,37.99,52,0,3.44,FI,1619935224
245,Mount Isa,-20.7333,139.5,87.8,23,3,10.36,AU,1619935224
246,Shimanovsk,52.0,127.7,58.73,30,20,5.06,RU,1619935225
247,Beira,-19.8436,34.8389,69.8,83,75,15.75,MZ,1619935225
248,Kavieng,-2.5744,150.7967,84.58,68,31,5.35,PG,1619935225
249,Ailigandí,9.2333,-78.0167,77.97,84,95,4.56,PA,1619935226
250,Mwense,-10.3845,28.698,66.13,96,100,3.18,ZM,1619935226
251,Luganville,-15.5333,167.1667,78.94,80,64,8.9,VU,1619935227
252,Alibag,18.6411,72.8792,89.6,70,40,6.91,IN,1619935227
253,Morococha,-11.5997,-76.1411,35.35,88,80,2.55,PE,1619935228
254,Coquimbo,-29.9533,-71.3436,55.4,88,75,1.14,CL,1619935228
255,Laguna,38.421,-121.4238,61.0,72,1,4.61,US,1619935228
256,Klaksvík,62.2266,-6.589,35.6,80,40,2.3,FO,1619935229
257,George Town,5.4112,100.3354,91.4,79,20,9.22,MY,1619935214
258,Loei,17.4167,101.5,93.99,70,75,5.75,TH,1619935229
259,Seoul,37.5683,126.9778,66.2,45,20,11.5,KR,1619935200
260,Koslan,63.4564,48.8989,33.21,60,53,15.17,RU,1619935230
261,Novy Urengoy,66.0833,76.6333,31.51,96,100,19.46,RU,1619935231
262,Kainantu,-6.2887,145.8655,70.38,79,94,1.68,PG,1619935231
263,Hualmay,-11.0964,-77.6139,66.72,88,37,7.96,PE,1619935231
264,Tochio-honchō,37.4667,139.0,52.0,91,90,1.01,JP,1619935232
265,Yendi,9.4427,-0.0099,76.55,71,100,4.85,GH,1619935232
266,Airai,-8.9266,125.4092,73.06,47,95,3.69,TL,1619935233
267,Gboko,7.3179,8.9951,78.42,79,94,10.29,NG,1619935233
268,Namatanai,-3.6667,152.4333,83.23,73,36,1.16,PG,1619935234
269,Ulladulla,-35.35,150.4667,73.4,56,75,9.22,AU,1619935228
270,Portland,45.5234,-122.6762,54.0,66,97,2.89,US,1619935080
271,Lahaina,20.8783,-156.6825,75.2,69,40,16.11,US,1619935214
272,Chingirlau,51.095,54.0814,63.05,49,99,14.7,KZ,1619935235
273,Makakilo City,21.3469,-158.0858,78.8,68,90,10.36,US,1619935121
274,Korla,41.7597,86.1469,72.16,15,99,14.2,CN,1619935235
275,Kalemie,-5.9475,29.1947,72.66,79,100,1.97,CD,1619935236
276,Araouane,18.9048,-3.5265,85.03,31,35,3.53,ML,1619935236
277,Tahoua,14.8888,5.2692,78.8,14,0,2.3,NE,1619935236
278,Umm Kaddadah,13.6017,26.6876,87.01,16,65,11.18,SD,1619935237
279,Codrington,-38.2667,141.9667,69.13,51,53,8.97,AU,1619935237
280,Ahipara,-35.1667,173.1667,57.6,69,1,9.13,NZ,1619935238
281,Polyarny,69.1989,33.4478,28.4,59,75,2.24,RU,1619935238
282,Esperance,-33.8667,121.9,69.8,37,75,6.91,AU,1619935239
283,Ol'ga,43.7444,135.2892,54.63,48,62,3.56,RU,1619935239
284,Santa Marta,11.2408,-74.199,84.0,71,80,8.72,CO,1619934950
285,Chokwé,-24.5333,32.9833,66.45,74,17,12.06,MZ,1619935240
286,Kjøllefjord,70.9457,27.3465,32.05,66,100,10.16,NO,1619935240
287,Quang Ngai,15.1167,108.8,92.08,54,43,14.81,VN,1619935192
288,Pevek,69.7008,170.3133,15.06,90,89,6.89,RU,1619935241
289,Marawi,7.9986,124.2928,86.0,79,56,8.01,PH,1619935241
290,San Andrés,12.5847,-81.7006,80.6,74,20,5.75,CO,1619935038
291,Pisco,-13.7,-76.2167,66.2,82,0,2.3,PE,1619935242
292,Pleasantville,39.3898,-74.524,55.4,50,20,11.5,US,1619935243
293,Eureka,40.8021,-124.1637,53.01,85,78,5.01,US,1619935243
294,Puerto Nariño,-3.7703,-70.3831,70.25,99,98,0.69,CO,1619935244
295,Saint Anthony,45.0205,-93.218,73.4,27,1,6.91,US,1619935244
296,Shache,38.4167,77.2406,83.44,14,70,11.34,CN,1619935244
297,Iqaluit,63.7506,-68.5145,35.6,80,75,12.66,CA,1619935245
298,Tyssedal,60.1165,6.562,43.0,83,7,2.98,NO,1619935245
299,Santa Isabel,-23.3156,-46.2214,59.0,100,75,3.44,BR,1619935246
300,Richards Bay,-28.783,32.0377,63.79,83,15,5.91,ZA,1619935180
301,Deputatsky,69.3,139.9,25.12,87,100,5.41,RU,1619935247
302,Yar-Sale,66.8333,70.8333,32.63,99,100,15.93,RU,1619935247
303,Taseyevo,57.2169,94.8978,46.9,60,78,14.61,RU,1619935247
304,Castro,-24.7911,-50.0119,52.86,98,22,4.56,BR,1619935248
305,Yerbogachën,61.2767,108.0108,44.56,64,28,9.62,RU,1619935248
306,Sur,22.5667,59.5289,93.6,34,22,11.74,OM,1619935249
307,Crixás,-14.5489,-49.9692,68.58,78,68,4.72,BR,1619935249
308,Te Anau,-45.4167,167.7167,50.11,86,0,0.36,NZ,1619935249
309,Atakpamé,7.5333,1.1333,73.04,89,97,3.8,TG,1619935250
310,Paamiut,61.994,-49.6678,36.72,59,26,9.24,GL,1619935250
311,Novo Aripuanã,-5.1206,-60.3797,72.1,98,91,0.69,BR,1619935251
312,Mezhdurechenskiy,59.6,65.9333,48.83,89,100,11.12,RU,1619935251
313,Sinnamary,5.3833,-52.95,75.88,91,78,6.71,GF,1619935251
314,Tiarei,-17.5333,-149.3333,80.6,69,20,2.3,PF,1619935252
315,Bambous Virieux,-20.3428,57.7575,82.99,83,40,10.29,MU,1619935252
316,Ormara,25.2088,64.6357,84.38,63,7,11.5,PK,1619935253
317,Orašac,44.6289,16.0711,58.12,82,77,8.39,BA,1619935253
318,Strezhevoy,60.7333,77.5889,46.4,46,0,13.42,RU,1619935253
319,Hambantota,6.1241,81.1185,89.6,74,40,3.44,LK,1619935254
320,Dukat,62.55,155.55,28.53,79,99,2.75,RU,1619935254
321,Gumdag,39.2061,54.5906,74.23,38,100,10.74,TM,1619935255
322,Abhā,18.2164,42.5053,68.0,34,0,4.25,SA,1619935256
323,Pabradė,55.0,25.7833,46.4,53,0,10.36,LT,1619935256
324,Colesberg,-30.72,25.0972,52.18,54,0,3.24,ZA,1619935256
325,Sola,-13.8833,167.55,77.02,88,96,4.36,VU,1619935257
326,Pareora,-44.4871,171.2132,55.0,38,0,1.99,NZ,1619935257
327,Lexington Park,38.2668,-76.4538,57.2,51,1,9.22,US,1619935258
328,Aripuanã,-9.1667,-60.6333,71.82,99,95,0.78,BR,1619935258
329,Beihai,21.4833,109.1,81.01,77,95,8.77,CN,1619935259
330,Lata,40.1629,-8.3327,48.99,91,1,1.99,PT,1619935259
331,Tuatapere,-46.1333,167.6833,55.99,88,23,10.0,NZ,1619935259
332,Tautira,-17.7333,-149.15,80.6,69,20,2.3,PF,1619935260
333,Kutum,14.2,24.6667,82.33,13,32,15.75,SD,1619935260
334,Beyneu,45.3167,55.2,71.13,15,80,11.7,KZ,1619935261
335,Riyadh,24.6877,46.7219,89.6,12,0,8.05,SA,1619935177
336,Suez,29.9737,32.5263,82.04,26,2,10.96,EG,1619935133
337,Filimonovo,56.2011,95.4611,48.74,61,74,18.75,RU,1619935262
338,Tahe,52.3333,124.7333,56.44,43,94,6.4,CN,1619935262
339,Mehamn,71.0357,27.8492,31.87,65,100,10.87,NO,1619935263
340,Port Macquarie,-31.4333,152.9167,66.99,88,100,4.7,AU,1619935263
341,Saysain,14.5611,120.3925,96.8,28,20,10.36,PH,1619935264
342,Naryan-Mar,67.6713,53.087,28.47,92,100,25.9,RU,1619935264
343,River Ridge,29.9602,-90.2156,73.99,78,75,9.22,US,1619935265
344,Fortuna,40.5982,-124.1573,52.0,93,90,9.22,US,1619935265
345,Yambio,4.5721,28.3955,71.8,83,99,5.5,SS,1619935265
346,Le Pont-de-Claix,45.1244,5.7064,42.8,100,75,3.44,FR,1619935266
347,San Cristobal,7.7669,-72.225,65.57,95,91,1.07,VE,1619935266
348,Srednekolymsk,67.45,153.6833,31.95,83,9,8.72,RU,1619935267
349,Panzhihua,26.5851,101.7128,89.33,29,26,2.57,CN,1619935267
350,Puerto del Rosario,28.5004,-13.8627,62.6,67,20,13.8,ES,1619935267
351,Cockburn Town,21.4612,-71.1419,78.84,72,35,15.21,TC,1619935268
352,Tula,54.2044,37.6111,49.8,67,99,7.05,RU,1619935268
353,Kilindoni,-7.9139,39.6668,80.2,82,75,11.74,TZ,1619935269
354,Sakakah,29.9697,40.2064,75.2,20,0,12.68,SA,1619935269
355,Palu,-0.8917,119.8707,85.53,78,86,3.22,ID,1619935269
356,Synya,65.3718,58.0387,36.01,48,99,12.93,RU,1619935270
357,Ambilobe,-13.2,49.05,81.66,72,9,2.93,MG,1619935270
358,Oodweyne,9.4092,45.064,75.31,63,56,5.14,SO,1619935271
359,Shimokizukuri,40.8061,140.3861,46.4,71,75,1.14,JP,1619935271
360,Zemio,5.0314,25.1361,70.27,96,99,2.64,CF,1619935272
361,Colón,9.3592,-79.9014,75.0,94,35,5.99,PA,1619935272
362,Saint George,37.1041,-113.5841,75.0,13,1,10.36,US,1619935272
363,Joensuu,62.6012,29.7632,33.8,40,0,3.44,FI,1619935273
364,Nasīrābād,26.3,74.7333,92.05,20,100,11.48,IN,1619935273
365,Vao,-22.6667,167.4833,74.43,72,92,26.46,NC,1619935274
366,Balabac,7.9868,117.0645,85.93,68,100,10.18,PH,1619935274
367,Wanaka,-44.7,169.15,48.52,59,0,1.39,NZ,1619935175
368,Sarti,40.1,23.9833,67.28,66,99,4.16,GR,1619935275
369,Omboué,-1.5746,9.2618,78.03,91,99,2.93,GA,1619935275
370,Port Blair,11.6667,92.75,86.58,66,14,10.56,IN,1619935000
371,Sovetskiy,61.3614,63.5842,48.06,50,92,8.66,RU,1619935276
372,Fort Nelson,58.8053,-122.7002,46.4,49,75,5.75,CA,1619935276
373,Karasjok,69.4719,25.5112,32.0,59,98,3.44,NO,1619935276
374,Wagar,16.1525,36.2032,88.41,34,99,14.2,SD,1619935277
375,Siilinjärvi,63.0833,27.6667,35.6,44,0,5.75,FI,1619935277
376,Saldanha,-33.0117,17.9442,55.4,62,0,6.96,ZA,1619935256
377,Saint-Augustin,51.226,-58.6502,35.06,95,100,10.49,CA,1619935278
378,Tabas,33.5959,56.9244,80.6,32,75,2.3,IR,1619935278
379,Garachiné,8.0647,-78.3628,77.38,83,99,6.55,PA,1619935279
380,Pathein,16.7833,94.7333,94.35,42,27,7.9,MM,1619935279
381,Ransang,8.9603,117.5828,86.41,68,59,5.3,PH,1619935280
382,Winnemucca,40.973,-117.7357,48.2,93,90,6.91,US,1619935280
383,Maniitsoq,65.4167,-52.9,34.38,69,26,7.4,GL,1619935280
384,Kanniyākumāri,8.0833,77.5667,86.85,65,74,5.95,IN,1619935281
385,Yokadouma,3.5167,15.05,71.38,82,89,1.34,CM,1619935281
386,Dzaoudzi,-12.7887,45.2699,84.2,84,75,8.05,YT,1619935282
387,San Patricio,28.017,-97.5169,66.99,100,75,3.44,US,1619935282
388,Oranjemund,-28.55,16.4333,69.87,33,0,22.44,NA,1619935282
389,Jämsä,61.8642,25.19,33.8,55,0,4.61,FI,1619935283
390,Russell,32.3502,-85.1999,64.4,94,1,1.66,US,1619935283
391,College,64.8569,-147.8028,44.6,39,75,5.75,US,1619935284
392,Kahului,20.8947,-156.47,75.2,69,40,16.11,US,1619935284
393,Ekuvukeni,-28.4675,30.1551,51.06,84,1,1.9,ZA,1619935285
394,Patterson,37.4716,-121.1297,60.8,51,1,5.75,US,1619935285
395,Santa Maria,-29.6842,-53.8069,58.6,76,10,3.58,BR,1619935285
396,Songea,-10.6833,35.65,66.2,94,40,5.75,TZ,1619935033
397,Tegul'det,57.3064,88.1667,40.89,76,99,10.6,RU,1619935286
398,Jalu,29.0331,21.5482,89.83,12,0,10.76,LY,1619935286
399,Rio Grande,-32.035,-52.0986,52.0,95,0,8.14,BR,1619935005
400,Tres Picos,15.8667,-93.5333,79.84,81,93,1.57,MX,1619935287
401,Bud,39.447,-86.1758,63.0,66,95,11.59,US,1619935287
402,Campina Verde,-19.5356,-49.4864,65.98,70,100,5.82,BR,1619935252
403,Houma,29.5958,-90.7195,73.99,88,90,8.05,US,1619935048
404,Tiszalök,48.0167,21.3833,62.6,88,99,6.91,HU,1619935288
405,Viedma,-40.8135,-62.9967,63.81,49,100,12.64,AR,1619935289
406,Samarai,-10.6167,150.6667,80.78,80,15,10.49,PG,1619935289
407,Kapuskasing,49.4169,-82.4331,32.0,93,97,8.05,CA,1619935290
408,Øksfjord,70.2396,22.3479,30.2,63,20,3.44,NO,1619935290
409,Suntar,62.1444,117.6319,36.77,99,100,4.45,RU,1619935290
410,Camacupa,-12.0167,17.4833,61.12,97,100,5.44,AO,1619935097
411,Havelock,34.8791,-76.9013,64.99,81,1,6.8,US,1619935291
412,Lesozavodsk,45.4794,133.4244,59.97,35,71,15.82,RU,1619935292
413,Javānrūd,34.7961,46.5172,64.4,29,5,6.2,IR,1619935292
414,Orthez,43.4884,-0.7724,43.0,100,0,2.3,FR,1619935292
415,Ternate,0.8,127.4,83.55,71,88,6.02,ID,1619935292
416,Upington,-28.4478,21.2561,55.4,67,0,5.75,ZA,1619935293
417,Sikonge,-5.6333,32.7667,66.2,94,40,6.24,TZ,1619935293
418,Nome,64.5011,-165.4064,26.6,68,1,16.11,US,1619935294
419,Palmer,42.1584,-72.3287,48.0,66,90,5.75,US,1619935294
420,Ushibukamachi,32.1906,130.0228,59.52,56,52,25.01,JP,1619935295
421,Teluknaga,-6.0989,106.6381,95.0,66,20,16.11,ID,1619935295
422,Puerto El Triunfo,13.2833,-88.55,82.4,94,75,6.91,SV,1619935296
423,Gra Lygia,35.0167,25.6833,87.01,36,0,13.8,GR,1619935296
424,Eyl,7.9803,49.8164,86.56,65,68,7.2,SO,1619935296
425,Salta,-24.7859,-65.4117,52.0,93,0,2.3,AR,1619935297
426,Raudeberg,61.9875,5.1352,41.0,76,17,13.96,NO,1619935297
427,Bonavista,48.6499,-53.1147,37.99,93,100,9.22,CA,1619935298
428,Terney,45.0503,136.6092,42.69,84,100,4.41,RU,1619935298
429,Swellendam,-34.0226,20.4417,39.2,93,10,3.44,ZA,1619935298
430,Tevaitoa,-16.7833,-151.5,80.82,69,62,5.7,PF,1619935299
431,Santa Fe,-31.6333,-60.7,66.0,78,52,1.99,AR,1619935299
432,Lázaro Cárdenas,17.9583,-102.2,76.91,71,88,5.7,MX,1619935300
433,Izhmorskiy,56.194,86.6414,39.83,69,84,11.61,RU,1619935300
434,Litovko,49.2361,135.1742,50.94,46,99,10.47,RU,1619935301
435,Lumeje,-11.55,20.7833,64.8,95,100,3.4,AO,1619935301
436,Doha,25.2867,51.5333,87.8,48,60,5.75,QA,1619935302
437,La Resolana,19.6,-104.4333,69.13,38,0,3.06,MX,1619935302
438,Sibolga,1.7427,98.7792,85.87,69,98,3.83,ID,1619935302
439,Miracema do Tocantins,-9.5618,-48.3967,72.9,88,100,1.99,BR,1619935303
440,Geraldton,-28.7667,114.6,75.2,31,0,21.85,AU,1619935303
441,Coyhaique,-45.5752,-72.0662,38.95,99,100,6.49,CL,1619935304
442,Bollnäs,61.3482,16.3946,37.0,72,37,1.01,SE,1619935304
443,Nur-Sultan,51.1801,71.446,60.8,20,0,13.42,KZ,1619935111
444,Erenhot,43.6475,111.9767,80.04,13,86,25.34,CN,1619935305
445,Amapá,1.0,-52.0,70.74,99,100,0.78,BR,1619935305
446,Ust-Tsilma,65.441,52.1498,35.73,49,43,15.68,RU,1619935305
447,Ulaanbaatar,47.9077,106.8832,57.2,30,40,24.61,MN,1619935062
448,Bartica,6.4,-58.6167,75.2,94,75,2.3,GY,1619935306
449,Novoagansk,61.9449,76.6625,39.25,76,100,16.02,RU,1619935306
450,Şile,41.1754,29.6133,71.6,60,0,4.61,TR,1619935307
451,Cururupu,-1.8283,-44.8683,72.48,98,97,2.46,BR,1619935307
452,Djougou,9.7085,1.666,74.79,75,97,5.03,BJ,1619935308
453,Saint-Joseph,-21.3667,55.6167,84.2,54,0,3.44,RE,1619935308
454,Zyryanka,65.75,150.85,37.53,59,26,7.45,RU,1619935308
455,Chiredzi,-21.05,31.6667,64.51,66,55,9.15,ZW,1619935309
456,Forsytheganj,52.6333,29.7333,51.28,85,98,11.21,BY,1619935309
457,Riberalta,-10.9833,-66.1,75.83,75,94,1.19,BO,1619935310
458,Iskateley,67.6803,53.1512,28.44,92,100,25.79,RU,1619935310
459,Sheregesh,52.9209,87.9869,38.35,78,100,8.43,RU,1619935310
460,São Filipe,14.8961,-24.4956,71.02,73,7,12.73,CV,1619935311
461,Mayumba,-3.432,10.6554,77.86,89,100,1.57,GA,1619935311
462,Kodinsk,58.6881,99.1844,39.13,94,70,6.91,RU,1619935312
463,Nyurba,63.2842,118.3319,33.48,99,100,2.1,RU,1619935312
464,Margate,51.3813,1.3862,44.01,80,12,4.0,GB,1619935261
465,Bathsheba,13.2167,-59.5167,78.8,65,40,11.5,BB,1619935313
466,Nieuw Amsterdam,5.8833,-55.0833,77.0,93,100,6.62,SR,1619935313
467,Gushikawa,26.3544,127.8686,80.6,47,20,9.22,JP,1619935314
468,Monroe,43.1501,-77.6831,57.0,54,75,10.36,US,1619935314
469,San Fernando,15.0286,120.6898,96.8,38,75,6.91,PH,1619935021
470,Ryōtsu-minato,38.0833,138.4333,53.6,87,75,32.21,JP,1619935315
471,Labytnangi,66.6572,66.4183,32.25,98,99,6.06,RU,1619935315
472,Qurayyat,31.3318,37.3428,69.8,26,0,13.8,SA,1619935316
473,Dāmghān,36.1683,54.348,69.67,48,99,7.2,IR,1619935316
474,Kisesa,-3.0833,34.15,68.79,77,88,6.62,TZ,1619935317
475,Bandarbeyla,9.4942,50.8122,86.54,65,96,8.39,SO,1619935317
476,Agüimes,27.9054,-15.4461,66.2,68,75,17.27,ES,1619935317
477,Yumen,40.2833,97.2,69.76,15,2,12.48,CN,1619935318
478,Tocopilla,-22.092,-70.1979,65.64,67,42,3.76,CL,1619935313
479,Huilong,31.8111,121.655,66.99,45,13,4.0,CN,1619935318
480,Ahlat,38.7518,42.4814,52.95,58,40,4.34,TR,1619935319
481,Vilyuysk,63.7553,121.6247,36.46,98,100,5.44,RU,1619935319
482,Burnie,-41.0667,145.9167,61.0,88,99,3.0,AU,1619935076
483,Shizunai-furukawachō,42.3339,142.3669,43.72,79,100,12.97,JP,1619935320
484,Lakefield,43.6775,-95.1717,71.6,28,1,9.22,US,1619935320
485,Northampton,40.8754,-75.2499,53.01,72,95,5.93,US,1619935321
486,Oranjestad,12.524,-70.027,80.6,78,20,14.97,AW,1619935162
487,Itapaci,-14.9508,-49.5494,65.03,87,85,3.47,BR,1619935321
488,Barcelos,41.5388,-8.6151,45.0,93,0,4.61,PT,1619935322
489,North Bend,43.4065,-124.2243,51.8,87,90,8.05,US,1619935322
490,Pundaguitan,6.3711,126.1689,82.67,77,47,11.97,PH,1619935322
491,Požarevac,44.6153,21.1825,71.01,64,0,14.97,RS,1619935323
492,Hauterive,46.0901,3.4459,43.0,93,75,3.44,FR,1619935323
493,Bunia,1.5667,30.25,65.64,90,100,3.18,CD,1619935324
494,Ishigaki,24.3448,124.1572,78.8,78,75,8.05,JP,1619935324
495,El Dorado,38.7666,-120.5177,55.4,71,1,5.97,US,1619935324
496,Kumul,42.8,93.45,69.57,13,97,12.24,CN,1619935325
497,New Ulm,44.3125,-94.4605,69.8,26,1,4.34,US,1619935310
498,Vila,42.0304,-8.1588,37.0,91,0,1.99,PT,1619935325
499,Rongcheng,30.634,117.8517,76.1,48,9,13.2,CN,1619935326
500,Rudnichnyy,59.617,52.4703,39.87,48,7,10.04,RU,1619935327
501,Kathu,7.9178,98.3332,91.4,58,40,10.36,TH,1619935327
502,Haines Junction,60.7522,-137.5108,39.2,56,81,8.05,CA,1619935328
503,Ust-Kuyga,70.0167,135.6,33.04,98,19,3.33,RU,1619935328
504,Gulu,2.7746,32.299,70.72,83,75,2.82,UG,1619935328
505,Caravelas,-17.7125,-39.2481,70.25,87,97,4.05,BR,1619935329
506,Sterling,39.0062,-77.4286,55.0,50,1,10.36,US,1619935329
507,Macao,22.2006,113.5461,86.0,83,20,10.36,MO,1619935330
508,Tall Kayf,37.0833,41.0667,75.61,29,2,16.15,TR,1619935330
509,Östersund,63.1792,14.6357,30.2,74,33,3.44,SE,1619935100
510,Arbazh,57.6804,48.3065,45.9,53,7,4.09,RU,1619935331
511,Lethem,3.3803,-59.7968,75.58,87,99,8.08,GY,1619935331
512,Kletskaya,49.3145,43.0584,60.01,92,66,4.0,RU,1619935332
513,Dodoma,-6.1722,35.7395,71.6,78,75,5.75,TZ,1619935155
514,Melo,-32.3667,-54.1833,56.3,81,0,3.29,UY,1619935332
515,Pangnirtung,66.1451,-65.7125,31.28,76,90,8.84,CA,1619935333
516,Whitehorse,60.7161,-135.0538,41.0,70,75,3.44,CA,1619935333
517,Sisimiut,66.9395,-53.6735,34.52,72,2,3.53,GL,1619935334
518,Solnechnyy,50.7214,136.6319,41.4,73,100,10.25,RU,1619935334
519,Norman Wells,65.282,-126.8329,37.4,56,40,3.44,CA,1619935334
520,Lodwar,3.1191,35.5973,87.31,43,29,9.93,KE,1619935335
521,Nouadhibou,20.931,-17.0347,64.4,82,51,18.41,MR,1619935335
522,Flinders,-34.5833,150.8552,73.99,70,100,4.0,AU,1619935336
523,Markova,48.6758,24.4138,55.4,94,75,4.32,UA,1619935336
524,Quelimane,-17.8786,36.8883,71.6,100,75,5.75,MZ,1619935323
525,Río Cuarto,-33.1307,-64.3499,57.99,84,51,3.0,AR,1619935337
526,Kalmunai,7.4167,81.8167,87.53,63,46,6.85,LK,1619935337
527,Alcañiz,41.05,-0.1333,51.01,78,95,4.0,ES,1619935338
528,Griffith,41.5284,-87.4237,68.0,63,1,11.5,US,1619935338
529,Zorritos,-3.6805,-80.6782,74.44,78,82,2.93,PE,1619935339
530,Olinda,-8.0089,-34.8553,71.6,88,40,2.3,BR,1619935339
531,Luknovo,56.1983,42.04,49.14,54,19,5.7,RU,1619935339
532,Marabu,4.4148,114.0089,89.6,70,40,6.91,MY,1619935340
533,Sawākin,19.1059,37.3321,87.35,55,64,4.47,SD,1619935280
534,Lamu,-2.2717,40.902,83.91,73,80,13.0,KE,1619935340
535,Khovd,48.0056,91.6419,39.27,40,69,25.17,MN,1619935341
536,San Nicolas,18.1725,120.5953,87.8,74,20,9.22,PH,1619935341
537,Lufkin,31.3382,-94.7291,69.8,94,90,4.61,US,1619935342
538,Abū Zabad,12.35,29.25,90.1,32,92,6.82,SD,1619935342
539,Pozo Colorado,-23.4923,-58.7972,66.22,58,1,5.79,PY,1619935343
540,Pachino,36.7186,15.0907,71.6,60,100,3.44,IT,1619935343
541,Carauari,-4.8828,-66.8958,70.47,99,80,2.35,BR,1619935343
542,Tondano,1.3038,124.9112,78.8,89,40,3.44,ID,1619935344
543,Liaocheng,36.4439,115.9647,71.78,14,95,6.53,CN,1619935344
544,Kampot,10.6167,104.1833,89.6,74,20,11.5,KH,1619935345
545,Penzance,50.1186,-5.5371,42.01,81,7,5.3,GB,1619935345
546,Padang,-0.9492,100.3543,87.8,74,40,6.91,ID,1619935346
547,Villazón,-22.0866,-65.5942,44.02,28,4,0.67,BO,1619935346
548,Kamina,-8.7386,24.9906,65.1,94,100,2.17,CD,1619935347
549,Gimli,50.6336,-96.9907,42.8,70,42,10.36,CA,1619935347
550,City of San Pedro,14.35,121.0167,93.2,52,20,11.5,PH,1619935348
551,Grand Gaube,-20.0064,57.6608,82.99,77,13,7.0,MU,1619935348
552,Dubrovka,53.6907,33.5071,44.6,100,90,6.71,RU,1619935348
553,Dok Kham Tai,19.1624,99.9934,88.54,54,41,5.86,TH,1619935349
554,Kabo,7.6994,18.629,79.61,62,98,6.6,CF,1619935349
555,Husavik,66.0449,-17.3389,32.0,69,90,5.75,IS,1619935350
556,Ballina,-28.8667,153.5667,73.4,68,40,10.36,AU,1619935350
557,Kaoma,-14.7833,24.8,64.94,87,97,6.24,ZM,1619935350
558,Henties Bay,-22.116,14.2845,64.0,66,65,1.01,NA,1619935351
559,Warmbad,-28.45,18.7333,57.09,33,0,14.56,NA,1619935351
560,Lovozero,68.005,35.0117,26.62,86,77,9.6,RU,1619935352
561,Iquique,-20.2208,-70.1431,59.0,77,0,4.59,CL,1619935346
